{"cameraMode":{"drawMode":0,"name":"Shaded","section":"Shading Mode"},"sceneLighting":true,"audioPlay":false,"sceneViewState":{"showFog":true,"showMaterialUpdate":false,"showSkybox":true,"showFlares":true,"showImageEffects":true,"showParticleSystems":true},"in2DMode":false,"pivot":{"x":16.62778663635254,"y":-7.9890570640563969,"z":20.543333053588868},"rotation":{"x":-0.22321254014968873,"y":-0.15336854755878449,"z":0.03558752313256264,"w":-0.9619708061218262},"size":22.0,"orthographic":false}